<?xml version="1.0"?>

<beans xmlns="http://www.springframework.org/schema/beans"
       xmlns:xsi="http://www.w3.org/2001/XMLSchema-instance"
       xsi:schemaLocation="http://www.springframework.org/schema/beans http://www.springframework.org/schema/beans/spring-beans-2.5.xsd">

  <bean id="internalGraphTraversalService" class="com.pathfinder.internal.GraphTraversalServiceImpl">
    <constructor-arg ref="graphDAO"/>
  </bean>

  <bean id="graphDAO" class="com.pathfinder.internal.GraphDAO"/>

  <bean id="rmiGraphTraversalService" class="org.springframework.remoting.rmi.RmiServiceExporter">
    <property name="serviceInterface" value="com.pathfinder.api.GraphTraversalService"/>
    <property name="service" ref="internalGraphTraversalService"/>
    <property name="serviceName" value="PathFinder"/>
  </bean>

</beans>