<?xml version="1.0" encoding="UTF-8"?>
<beans xmlns="http://www.springframework.org/schema/beans"
       xmlns:xsi="http://www.w3.org/2001/XMLSchema-instance"
       xsi:schemaLocation="http://www.springframework.org/schema/beans http://www.springframework.org/schema/beans/spring-beans-2.0.xsd">

  <!-- The booking web application is meant to be able run in a different JVM
       from the main server application, communicating using RMI.

       For convenience purposes, it is run as a separate webapp (separate dispatcher servlet)
       from the rest of the application, inside the same JVM, but still using RMI. -->

  <bean id="remoteBookingService" class="org.springframework.remoting.rmi.RmiProxyFactoryBean">
    <property name="serviceUrl" value="rmi://localhost:1099/BookingService"/>
    <property name="serviceInterface" value="se.citerus.dddsample.interfaces.booking.facade.BookingServiceFacade"/>
  </bean>

  <bean id="viewResolver" class="org.springframework.web.servlet.view.InternalResourceViewResolver">
    <property name="viewClass" value="org.springframework.web.servlet.view.JstlView"/>
    <property name="prefix" value="/WEB-INF/jsp/admin/"/>
    <property name="suffix" value=".jsp"/>
    <property name="requestContextAttribute" value="rc"/>
    <property name="cache" value="false"/>
  </bean>

  <bean name="/*" class="se.citerus.dddsample.interfaces.booking.web.CargoAdminController">
    <property name="bookingServiceFacade" ref="remoteBookingService"/>
  </bean>

</beans>