<?xml version="1.0" encoding="UTF-8"?>
<beans xmlns="http://www.springframework.org/schema/beans"
       xmlns:xsi="http://www.w3.org/2001/XMLSchema-instance"
       xsi:schemaLocation="http://www.springframework.org/schema/beans http://www.springframework.org/schema/beans/spring-beans-2.0.xsd">

  <bean class="org.springframework.web.servlet.handler.BeanNameUrlHandlerMapping">
    <property name="interceptors">
      <list>
        <ref bean="openSessionInViewInterceptor"/>
      </list>
    </property>
  </bean>

  <bean name="/track" class="se.citerus.dddsample.interfaces.tracking.CargoTrackingController">
    <property name="sessionForm" value="true"/>
    <property name="commandName" value="trackCommand"/>
    <property name="formView" value="track"/>
    <property name="successView" value="start"/>
    <property name="validator" ref="trackCommandValidator"/>
    <property name="cargoRepository" ref="cargoRepository"/>
    <property name="handlingEventRepository" ref="handlingEventRepository"/>
  </bean>

  <bean id="trackCommandValidator" class="se.citerus.dddsample.interfaces.tracking.TrackCommandValidator"/>

</beans>