<?xml version="1.0"?>

<beans xmlns="http://www.springframework.org/schema/beans"
       xmlns:xsi="http://www.w3.org/2001/XMLSchema-instance"
       xsi:schemaLocation="http://www.springframework.org/schema/beans http://www.springframework.org/schema/beans/spring-beans-2.5.xsd">

  <bean id="bookingService" class="se.citerus.dddsample.application.impl.BookingServiceImpl">
    <constructor-arg ref="cargoRepository"/>
    <constructor-arg ref="locationRepository"/>
    <constructor-arg ref="routingService"/>
  </bean>

  <bean id="cargoInspectionService" class="se.citerus.dddsample.application.impl.CargoInspectionServiceImpl">
    <constructor-arg ref="cargoRepository"/>
    <constructor-arg ref="applicationEvents"/>
    <constructor-arg ref="handlingEventRepository"/>
  </bean>

  <bean id="handlingEventService" class="se.citerus.dddsample.application.impl.HandlingEventServiceImpl">
    <constructor-arg ref="handlingEventRepository"/>
    <constructor-arg ref="handlingEventFactory"/>
    <constructor-arg ref="applicationEvents"/>
  </bean>

</beans>