<?xml version="1.0"?>

<beans xmlns="http://www.springframework.org/schema/beans"
       xmlns:xsi="http://www.w3.org/2001/XMLSchema-instance"
       xsi:schemaLocation="http://www.springframework.org/schema/beans http://www.springframework.org/schema/beans/spring-beans-2.5.xsd">

  <import resource="context-infrastructure-persistence.xml"/>
  <import resource="context-infrastructure-messaging.xml"/>

  <!-- External graph traversal routing service  -->

  <bean id="routingService" class="se.citerus.dddsample.infrastructure.routing.ExternalRoutingService">
    <property name="graphTraversalService" ref="internalGraphTraversalService"/>
    <property name="locationRepository" ref="locationRepository"/>
    <property name="voyageRepository" ref="voyageRepository"/>
  </bean>

  <bean id="graphTraversalService" class="org.springframework.remoting.rmi.RmiProxyFactoryBean">
    <property name="serviceUrl" value="rmi://localhost:1099/PathFinder"/>
    <property name="serviceInterface" value="com.pathfinder.api.GraphTraversalService"/>
  </bean>

</beans>