<?xml version="1.0"?>

<!DOCTYPE hibernate-mapping PUBLIC
  "-//Hibernate/Hibernate Mapping DTD 3.0//EN"
  "http://hibernate.sourceforge.net/hibernate-mapping-3.0.dtd">

<hibernate-mapping default-access="field">
  <class name="se.citerus.dddsample.domain.model.voyage.CarrierMovement" table="CarrierMovement" mutable="false">

    <id name="id" column="id">
      <generator class="org.hibernate.id.IdentityGenerator"/>
    </id>

    <many-to-one name="arrivalLocation" column="arrival_location_id" not-null="true" foreign-key="arrival_location_fk"/>
    <property name="arrivalTime" column="arrival_time" not-null="true"/>

    <many-to-one name="departureLocation" column="departure_location_id" not-null="true" foreign-key="departure_location_fk"/>
    <property name="departureTime" column="departure_time" not-null="true"/>
    
  </class>
</hibernate-mapping>