<?xml version="1.0"?>

<!DOCTYPE hibernate-mapping PUBLIC
  "-//Hibernate/Hibernate Mapping DTD 3.0//EN"
  "http://hibernate.sourceforge.net/hibernate-mapping-3.0.dtd">

<hibernate-mapping default-access="field">
  <class name="se.citerus.dddsample.domain.model.handling.HandlingEvent" table="HandlingEvent">
    <id name="id" column="id">
      <generator class="org.hibernate.id.IdentityGenerator"/>
    </id>
    <many-to-one name="voyage" column="voyage_id" not-null="false" cascade="none" foreign-key="voyage_fk"/>
    <many-to-one name="location" column="location_id" not-null="true" cascade="none" foreign-key="location_fk"/>
    <many-to-one name="cargo" column="cargo_id" not-null="true" cascade="none" foreign-key="cargo_fk"/>
    <property name="completionTime" column="completionTime" not-null="true"/>
    <property name="registrationTime" column="registrationTime" not-null="true"/>
    <property name="type" column="type" not-null="true">
      <type name="org.hibernate.type.EnumType">
        <param name="enumClass">se.citerus.dddsample.domain.model.handling.HandlingEvent$Type</param>
        <param name="type">12</param><!-- 12 is java.sql.Types.VARCHAR -->
      </type>
    </property>
  </class>
</hibernate-mapping>