<?xml version="1.0"?>

<!DOCTYPE hibernate-mapping PUBLIC
  "-//Hibernate/Hibernate Mapping DTD 3.0//EN"
  "http://hibernate.sourceforge.net/hibernate-mapping-3.0.dtd">

<hibernate-mapping default-access="field">
  <class name="se.citerus.dddsample.domain.model.cargo.Leg" table="Leg" mutable="false">
    <id name="id" column="id">
      <generator class="org.hibernate.id.IdentityGenerator"/>
    </id>

    <many-to-one name="voyage" column="voyage_id" cascade="none" foreign-key="voyage_fk"/>

    <many-to-one name="loadLocation" column="load_location_id" cascade="none" foreign-key="load_location_fk"/>
    <property name="loadTime" column="load_time" not-null="true"/>

    <many-to-one name="unloadLocation" column="unload_location_id" cascade="none" foreign-key="unload_location_fk"/>
    <property name="unloadTime" column="unload_time" not-null="true"/>
    
  </class>
</hibernate-mapping>