<?xml version="1.0"?>

<!DOCTYPE hibernate-mapping PUBLIC
  "-//Hibernate/Hibernate Mapping DTD 3.0//EN"
  "http://hibernate.sourceforge.net/hibernate-mapping-3.0.dtd">

<hibernate-mapping default-access="field">
  <class name="se.citerus.dddsample.domain.model.location.Location" table="Location">
    <id name="id" column="id">
      <generator class="org.hibernate.id.IdentityGenerator"/>
    </id>
    <component name="unLocode" unique="true" update="false">
      <property name="unlocode" column="unlocode" not-null="true"/>
    </component>
    <property name="name" column="name" not-null="true"/>
  </class>
</hibernate-mapping>