<?xml version="1.0"?>

<!DOCTYPE hibernate-mapping PUBLIC
  "-//Hibernate/Hibernate Mapping DTD 3.0//EN"
  "http://hibernate.sourceforge.net/hibernate-mapping-3.0.dtd">

<hibernate-mapping default-access="field">
  <class name="se.citerus.dddsample.domain.model.voyage.Voyage" table="Voyage">

    <id name="id" column="id">
      <generator class="org.hibernate.id.IdentityGenerator"/>
    </id>

    <component name="voyageNumber" unique="true" update="false">
      <property name="number" column="voyage_number"/>
    </component>

    <component name="schedule">
      <list name="carrierMovements" cascade="all-delete-orphan">
        <key column="voyage_id" foreign-key="voyage_fk"/>
        <index column="cm_index"/>
        <one-to-many class="se.citerus.dddsample.domain.model.voyage.CarrierMovement"/>
      </list>
    </component>

  </class>
</hibernate-mapping>